{
  "suggestions searches" : {
    "transaction" : "suggestions searches",
    "sampleCount" : 1000,
    "errorCount" : 724,
    "errorPct" : 72.4,
    "meanResTime" : 61578.08699999998,
    "medianResTime" : 63109.0,
    "minResTime" : 580.0,
    "maxResTime" : 130493.0,
    "pct1ResTime" : 75379.9,
    "pct2ResTime" : 91675.6,
    "pct3ResTime" : 103503.71,
    "throughput" : 5.965732830620913,
    "receivedKBytesPerSec" : 14.92861138433339,
    "sentKBytesPerSec" : 0.7094270044116594
  },
  "search by categories" : {
    "transaction" : "search by categories",
    "sampleCount" : 100,
    "errorCount" : 0,
    "errorPct" : 0.0,
    "meanResTime" : 71519.86000000002,
    "medianResTime" : 61194.0,
    "minResTime" : 348.0,
    "maxResTime" : 184596.0,
    "pct1ResTime" : 181096.90000000002,
    "pct2ResTime" : 183210.65,
    "pct3ResTime" : 184593.29,
    "throughput" : 0.5275819862406618,
    "receivedKBytesPerSec" : 147.4373508756542,
    "sentKBytesPerSec" : 0.1984718093160427
  },
  "Total" : {
    "transaction" : "Total",
    "sampleCount" : 2100,
    "errorCount" : 1697,
    "errorPct" : 80.809525,
    "meanResTime" : 56231.21523809523,
    "medianResTime" : 63102.0,
    "minResTime" : 0.0,
    "maxResTime" : 184596.0,
    "pct1ResTime" : 113618.70000000006,
    "pct2ResTime" : 135291.3,
    "pct3ResTime" : 164241.90999999995,
    "throughput" : 5.579689928659679,
    "receivedKBytesPerSec" : 100.85728054049925,
    "sentKBytesPerSec" : 0.4507473006589348
  },
  "suggestion products" : {
    "transaction" : "suggestion products",
    "sampleCount" : 1000,
    "errorCount" : 973,
    "errorPct" : 97.3,
    "meanResTime" : 49355.478999999985,
    "medianResTime" : 63092.5,
    "minResTime" : 0.0,
    "maxResTime" : 182273.0,
    "pct1ResTime" : 132921.8,
    "pct2ResTime" : 136730.94999999998,
    "pct3ResTime" : 151641.24000000002,
    "throughput" : 5.372329280806279,
    "receivedKBytesPerSec" : 40.350982876036184,
    "sentKBytesPerSec" : 0.0704278791655698
  }
}